"set","Accuracy"
"train",0.971338615046485
"valid",0.942118798952415
"testing",0.94912146692307
